{"initial_reset_timestamp": 22767.592195542, "timestamps": [22789.768877876], "episode_lengths": [135], "episode_rewards": [-2000000428567.3945], "episode_types": ["t"]}